TxHash,BlockNumber,UnixTimestamp,FromAddress,ToAddress,ContractAddress,Type,Value,Fee,Status,ErrCode,CurrentPrice,TxDateOpeningPrice,TxDateClosingPrice,MethodName
0xaa4a2a1360e380bbab70f939dd5b8bfa5a4d65b0a29c900a229e04ef227b216a,38987192,2026-04-25 16:31:29.000000Z,0x1d93bB05aE8Df5e963b1045A2Fb29909558C1722,0x721D212aff46E0a761E4E1c5311F2455ce1Bb4bA,,IN,1000000000000000,451500000000000,ok,,,,,
0xf5bae4e2b132aa6a15cad95f103a09f1138dcc7326b59b31bda34c7839c03b88,38987184,2026-04-25 16:31:25.000000Z,0x1d93bB05aE8Df5e963b1045A2Fb29909558C1722,0x721D212aff46E0a761E4E1c5311F2455ce1Bb4bA,,IN,37500000000000000,451500000000000,ok,,,,,
0x5042b972a559619eb9a127f1c48c5b54b29153d8f7846c6d92546f968b1fc89a,38987139,2026-04-25 16:31:03.000000Z,0x1d93bB05aE8Df5e963b1045A2Fb29909558C1722,0x721D212aff46E0a761E4E1c5311F2455ce1Bb4bA,,IN,1000000000000000,451500000000000,ok,,,,,
0x5cc7b9349351db3eaf50ab909c5750c55eb447b4e1a9665445592b10e58669a1,38987129,2026-04-25 16:30:58.000000Z,0x1d93bB05aE8Df5e963b1045A2Fb29909558C1722,0x721D212aff46E0a761E4E1c5311F2455ce1Bb4bA,,IN,37500000000000000,451500000000000,ok,,,,,
0x30bd0692efaa957c67507d5045f094af237cf1ae338de080af32fc3894838a1a,38987092,2026-04-25 16:30:38.000000Z,0x1d93bB05aE8Df5e963b1045A2Fb29909558C1722,0x721D212aff46E0a761E4E1c5311F2455ce1Bb4bA,,IN,1000000000000000,451500000000000,ok,,,,,
0xaba25429da9b5e06aaf5887e2affadda18972819c992d83eb8889e62255736bc,38987083,2026-04-25 16:30:34.000000Z,0x1d93bB05aE8Df5e963b1045A2Fb29909558C1722,0x721D212aff46E0a761E4E1c5311F2455ce1Bb4bA,,IN,36000000000000000,451500000000000,ok,,,,,
0x173106c7a53bff46a769f0efc43cbe6a27ec0e82f2c443733b25ef5bba653036,38987022,2026-04-25 16:30:03.000000Z,0x1d93bB05aE8Df5e963b1045A2Fb29909558C1722,0x721D212aff46E0a761E4E1c5311F2455ce1Bb4bA,,IN,1000000000000000,451500000000000,ok,,,,,
0xe2e3f529602983fe22fd3131a4e9d373e3baa8c420a7db379bdaa4e4669d9a5f,38987016,2026-04-25 16:30:00.000000Z,0x1d93bB05aE8Df5e963b1045A2Fb29909558C1722,0x721D212aff46E0a761E4E1c5311F2455ce1Bb4bA,,IN,16500000000000000,451500000000000,ok,,,,,
0xaf40bc63902d3c1d3ca351a7ea72c36e9151f8e5ecbd0f0b1694943cc07ec242,38986994,2026-04-25 16:29:49.000000Z,0x1d93bB05aE8Df5e963b1045A2Fb29909558C1722,0x721D212aff46E0a761E4E1c5311F2455ce1Bb4bA,,IN,1000000000000000,451500000000000,ok,,,,,
0xb62f0f2c69d7c8ed4be279bac4f92aade5cc1e3cc594a2a8da4e838f4c6685f6,38986989,2026-04-25 16:29:46.000000Z,0x1d93bB05aE8Df5e963b1045A2Fb29909558C1722,0x721D212aff46E0a761E4E1c5311F2455ce1Bb4bA,,IN,3000000000000000,451500000000000,ok,,,,,
0xf96b3f73b1bda7e972bac57e1ad03645a5e82764c6402faea0b4530412dc9aa3,38986964,2026-04-25 16:29:34.000000Z,0x1d93bB05aE8Df5e963b1045A2Fb29909558C1722,0x721D212aff46E0a761E4E1c5311F2455ce1Bb4bA,,IN,1000000000000000,451500000000000,ok,,,,,
0x271fddb0fc1dab70dd6daff229a78b1788a30bbf332afb441c00965c327d76d4,38986955,2026-04-25 16:29:29.000000Z,0x1d93bB05aE8Df5e963b1045A2Fb29909558C1722,0x721D212aff46E0a761E4E1c5311F2455ce1Bb4bA,,IN,3000000000000000,451500000000000,ok,,,,,
0xb2a8e5d97489b1b1212eeea7fa33bc0ba96fc84c1134c93e459e1a3d5388a139,38986934,2026-04-25 16:29:18.000000Z,0x1d93bB05aE8Df5e963b1045A2Fb29909558C1722,0x721D212aff46E0a761E4E1c5311F2455ce1Bb4bA,,IN,1000000000000000,451500000000000,ok,,,,,
0x56d02ad8e5790433670daedac5edf220d6a95132d5933c4713a6ac4db888a2f5,38986924,2026-04-25 16:29:13.000000Z,0x1d93bB05aE8Df5e963b1045A2Fb29909558C1722,0x721D212aff46E0a761E4E1c5311F2455ce1Bb4bA,,IN,3000000000000000,451500000000000,ok,,,,,
0x1000f4b24b743ad383dd051fb79ab58b9306b67f7afda7fb7ee4d5b4f0a6706d,38985488,2026-04-25 16:17:02.000000Z,0x1d93bB05aE8Df5e963b1045A2Fb29909558C1722,0x721D212aff46E0a761E4E1c5311F2455ce1Bb4bA,,IN,1000000000000000,457810787070000,ok,,,,,
0xd2d784fe56ea8011a8188e26b8d59bb22623522d59ed09a96a1b0e1a377378f3,38985482,2026-04-25 16:16:59.000000Z,0x1d93bB05aE8Df5e963b1045A2Fb29909558C1722,0x721D212aff46E0a761E4E1c5311F2455ce1Bb4bA,,IN,16500000000000000,462002772000000,ok,,,,,
0x8d754071e6e6ba2bbb46abd2a5534f77352308d1c9a9c2b30e562aab4dae4348,38985448,2026-04-25 16:16:42.000000Z,0x1d93bB05aE8Df5e963b1045A2Fb29909558C1722,0x721D212aff46E0a761E4E1c5311F2455ce1Bb4bA,,IN,1000000000000000,457808969793000,ok,,,,,
0xc1b4ca597b1e1bc8a2a2316b4bcfdd2da91c6b4e0af1fbc56f4ca18bd9196aaf,38985439,2026-04-25 16:16:37.000000Z,0x1d93bB05aE8Df5e963b1045A2Fb29909558C1722,0x721D212aff46E0a761E4E1c5311F2455ce1Bb4bA,,IN,3000000000000000,451500000000000,ok,,,,,
0xdd87d1b6f8ab011105598843f36b066bd71adc35ddad30f1e886327e903874be,38985399,2026-04-25 16:16:16.000000Z,0x1d93bB05aE8Df5e963b1045A2Fb29909558C1722,0x721D212aff46E0a761E4E1c5311F2455ce1Bb4bA,,IN,1000000000000000,451500000000000,ok,,,,,
0x54d0025937bf5e9ee10280420a42886431b81f196b0a688c657c18eafd464955,38985394,2026-04-25 16:16:13.000000Z,0x1d93bB05aE8Df5e963b1045A2Fb29909558C1722,0x721D212aff46E0a761E4E1c5311F2455ce1Bb4bA,,IN,2500000000000000,451500000000000,ok,,,,,
0xa242aa984665575c34326007f12a603df67b7e7555b406e227ad9beb2f25b29f,38985365,2026-04-25 16:15:57.000000Z,0x1d93bB05aE8Df5e963b1045A2Fb29909558C1722,0x721D212aff46E0a761E4E1c5311F2455ce1Bb4bA,,IN,1000000000000000,451500000000000,ok,,,,,
0xb6d6b7c0cf0b14925ed2b7d0d92f80868138d291c9def55fcba32cfc670f94b0,38985357,2026-04-25 16:15:52.000000Z,0x1d93bB05aE8Df5e963b1045A2Fb29909558C1722,0x721D212aff46E0a761E4E1c5311F2455ce1Bb4bA,,IN,2500000000000000,451500000000000,ok,,,,,
0xd205c3ee1f3cfca98d2cfe9ce6e245007bb06b285ab7ea862b0d7dd9d4b35909,38983729,2026-04-25 16:02:04.000000Z,0x1d93bB05aE8Df5e963b1045A2Fb29909558C1722,0x721D212aff46E0a761E4E1c5311F2455ce1Bb4bA,,IN,1000000000000000,451500000000000,ok,,,,,
0xcfdbf5f0b4dffd3d21eda596115199e06e7f881c4dbb46b87f295ed098acba4a,38983719,2026-04-25 16:01:59.000000Z,0x1d93bB05aE8Df5e963b1045A2Fb29909558C1722,0x721D212aff46E0a761E4E1c5311F2455ce1Bb4bA,,IN,16500000000000000,451500000000000,ok,,,,,
0x36c0498ba9266bdc88f035830a902fbfb1792530aa6927ec7eb86c4e02047335,38981363,2026-04-25 15:41:58.000000Z,0x1d93bB05aE8Df5e963b1045A2Fb29909558C1722,0x721D212aff46E0a761E4E1c5311F2455ce1Bb4bA,,IN,1000000000000000,451500000000000,ok,,,,,
0x3b0b9d27308f5f80fd5ee7a8cbc6eaa05eecf8c2a0e1a39e6edf7d00abdd50df,38981353,2026-04-25 15:41:53.000000Z,0x1d93bB05aE8Df5e963b1045A2Fb29909558C1722,0x721D212aff46E0a761E4E1c5311F2455ce1Bb4bA,,IN,11500000000000000,451500000000000,ok,,,,,
0xa78ea0c2f065409421ed21d1cb2379784dad965d682c6faca3c226e799adf7ae,38981309,2026-04-25 15:41:31.000000Z,0x1d93bB05aE8Df5e963b1045A2Fb29909558C1722,0x721D212aff46E0a761E4E1c5311F2455ce1Bb4bA,,IN,1000000000000000,451500000000000,ok,,,,,
0xc608332d2adbd7d4222f0d791f2ea87ba34612244c0233a31c966184eda27c0a,38981300,2026-04-25 15:41:26.000000Z,0x1d93bB05aE8Df5e963b1045A2Fb29909558C1722,0x721D212aff46E0a761E4E1c5311F2455ce1Bb4bA,,IN,11500000000000000,451500000000000,ok,,,,,
0xa5097544a16e6496bd0da056b2060c5fad48c418ce2cbd8056836e5c86656bcb,38977818,2026-04-25 15:11:52.000000Z,0x1d93bB05aE8Df5e963b1045A2Fb29909558C1722,0x721D212aff46E0a761E4E1c5311F2455ce1Bb4bA,,IN,1000000000000000,451500000000000,ok,,,,,
0xfbcb037a41176a83000ec8451bd9e7af898b1b86d0c2ea93614d101f106c8324,38977812,2026-04-25 15:11:49.000000Z,0x1d93bB05aE8Df5e963b1045A2Fb29909558C1722,0x721D212aff46E0a761E4E1c5311F2455ce1Bb4bA,,IN,11500000000000000,451500000000000,ok,,,,,
0x17a132c7936f8cb75a9d7bff37d28f5b034eb80328b9f2dcc9f530dcbaef78fe,38977769,2026-04-25 15:11:27.000000Z,0x1d93bB05aE8Df5e963b1045A2Fb29909558C1722,0x721D212aff46E0a761E4E1c5311F2455ce1Bb4bA,,IN,1000000000000000,451500000000000,ok,,,,,
0x8dbcd659e83e8e27fee0f2c4ec1d3447929cc02c5679dcad9b1a0e9e2d33b384,38977760,2026-04-25 15:11:23.000000Z,0x1d93bB05aE8Df5e963b1045A2Fb29909558C1722,0x721D212aff46E0a761E4E1c5311F2455ce1Bb4bA,,IN,11500000000000000,451500000000000,ok,,,,,
0x51765253b0f7980014cb07da493d4e41f7629ef9ce22a3cb6bcd47ec1533cf38,38975020,2026-04-25 14:48:10.000000Z,0x1d93bB05aE8Df5e963b1045A2Fb29909558C1722,0x721D212aff46E0a761E4E1c5311F2455ce1Bb4bA,,IN,1000000000000000,451500000000000,ok,,,,,
0x0b25d393cf755ac676a9fb31c9d0229ed017c4c92cc7728e1e7c101331ba9cd9,38975011,2026-04-25 14:48:06.000000Z,0x1d93bB05aE8Df5e963b1045A2Fb29909558C1722,0x721D212aff46E0a761E4E1c5311F2455ce1Bb4bA,,IN,6000000000000000,451500000000000,ok,,,,,
0x56e2a10de600348cc5c6f0e88ac6a5f7444dfda3c922339571a2949f15f1e79e,38958586,2026-04-25 12:28:42.000000Z,0x1d93bB05aE8Df5e963b1045A2Fb29909558C1722,0x721D212aff46E0a761E4E1c5311F2455ce1Bb4bA,,IN,1000000000000000,451500000000000,ok,,,,,
0xd6a6c68efbfb2608c2b5aafff429ba438937b5e38bb0ec9a8cfc76d0d238ee85,38958579,2026-04-25 12:28:38.000000Z,0x1d93bB05aE8Df5e963b1045A2Fb29909558C1722,0x721D212aff46E0a761E4E1c5311F2455ce1Bb4bA,,IN,143500000000000000,451500000000000,ok,,,,,
0x2a77030627d21459131a66361b9be5081d795cd2a8610d704c8855cba571c92a,38958567,2026-04-25 12:28:32.000000Z,0x1d93bB05aE8Df5e963b1045A2Fb29909558C1722,0x721D212aff46E0a761E4E1c5311F2455ce1Bb4bA,,IN,1000000000000000,451500000000000,ok,,,,,
0x1b2a29d726091eb567deced4f99ad5c9a667e65c1c2a9415241552837201783c,38958560,2026-04-25 12:28:29.000000Z,0x1d93bB05aE8Df5e963b1045A2Fb29909558C1722,0x721D212aff46E0a761E4E1c5311F2455ce1Bb4bA,,IN,143500000000000000,451500000000000,ok,,,,,
0x351741f8754bc092130577385b0d09abc199c51dad0f82aae364ffef46e38b9d,38952789,2026-04-25 11:39:32.000000Z,0x1d93bB05aE8Df5e963b1045A2Fb29909558C1722,0x721D212aff46E0a761E4E1c5311F2455ce1Bb4bA,,IN,1000000000000000,451500000000000,ok,,,,,
0x554af099a8915a150a192a770a1ab518a342c155aa33ec8ca4974f4044d0dbf9,38952781,2026-04-25 11:39:28.000000Z,0x1d93bB05aE8Df5e963b1045A2Fb29909558C1722,0x721D212aff46E0a761E4E1c5311F2455ce1Bb4bA,,IN,13000000000000000,451500000000000,ok,,,,,
0x0246b2a4f232d371c3e23fca4f216d8199cc6e5b4034c709686b9fc8facf6222,38949938,2026-04-25 11:15:13.000000Z,0x1d93bB05aE8Df5e963b1045A2Fb29909558C1722,0x721D212aff46E0a761E4E1c5311F2455ce1Bb4bA,,IN,1000000000000000,451500000000000,ok,,,,,
0xfd81ae5604d0a8cbac54aaf829e631de6322bedc207dc126d37fa984a1d51f26,38949931,2026-04-25 11:15:09.000000Z,0x1d93bB05aE8Df5e963b1045A2Fb29909558C1722,0x721D212aff46E0a761E4E1c5311F2455ce1Bb4bA,,IN,13000000000000000,451500000000000,ok,,,,,
0xd01d6986cc8dd5b0c274a24728e0a82abf9dfeff25ee130a9ece78d57d69a339,38947426,2026-04-25 10:53:53.000000Z,0x1d93bB05aE8Df5e963b1045A2Fb29909558C1722,0x721D212aff46E0a761E4E1c5311F2455ce1Bb4bA,,IN,1000000000000000,451500000000000,ok,,,,,
0x32a933c696145854084153e801d5dd92348002d32908e433cb9d8635a728fabd,38947423,2026-04-25 10:53:51.000000Z,0x1d93bB05aE8Df5e963b1045A2Fb29909558C1722,0x721D212aff46E0a761E4E1c5311F2455ce1Bb4bA,,IN,8500000000000000,451500000000000,ok,,,,,
0xbf10ca1c61fe0c4274091155bc113a7574e583327fc8d5b8c5bea3050876ee8c,38946519,2026-04-25 10:46:11.000000Z,0x1d93bB05aE8Df5e963b1045A2Fb29909558C1722,0x721D212aff46E0a761E4E1c5311F2455ce1Bb4bA,,IN,1000000000000000,451500000000000,ok,,,,,
0xe8bd862892fd5c9064585b877bebd7f2d9e65460a80f8909e7fb1f3678c1cb34,38946517,2026-04-25 10:46:10.000000Z,0x1d93bB05aE8Df5e963b1045A2Fb29909558C1722,0x721D212aff46E0a761E4E1c5311F2455ce1Bb4bA,,IN,7500000000000000,451500000000000,ok,,,,,
0xbd7d22b7c71a49ad4598f6c10d7b38e6a33244dcaa6f040b9ad19af7f3a5940b,38944169,2026-04-25 10:26:15.000000Z,0x1d93bB05aE8Df5e963b1045A2Fb29909558C1722,0x721D212aff46E0a761E4E1c5311F2455ce1Bb4bA,,IN,1000000000000000,554416786035000,ok,,,,,
0xcd8bedcc112d10c7ac41498b97598abb4d66c8847baa9308068eeddee00cc248,38944166,2026-04-25 10:26:13.000000Z,0x1d93bB05aE8Df5e963b1045A2Fb29909558C1722,0x721D212aff46E0a761E4E1c5311F2455ce1Bb4bA,,IN,15500000000000000,451500000000000,ok,,,,,
0x016df83e1db9dbe844f58da1ae07208e2b34e00d520c3f162535a7064875a795,38942959,2026-04-25 10:15:58.000000Z,0x1d93bB05aE8Df5e963b1045A2Fb29909558C1722,0x721D212aff46E0a761E4E1c5311F2455ce1Bb4bA,,IN,1000000000000000,451500000000000,ok,,,,,
0x0e999ef503f962daec6ca71e82231893d17c255428744d3e74ba5fc4796d4c88,38942957,2026-04-25 10:15:57.000000Z,0x1d93bB05aE8Df5e963b1045A2Fb29909558C1722,0x721D212aff46E0a761E4E1c5311F2455ce1Bb4bA,,IN,15500000000000000,451500000000000,ok,,,,,
0x23729fe836439625aaeea701d9aee085489ac5f4848dcb2acffab1fdcb9e9034,38941629,2026-04-25 10:04:41.000000Z,0x1d93bB05aE8Df5e963b1045A2Fb29909558C1722,0x721D212aff46E0a761E4E1c5311F2455ce1Bb4bA,,IN,1000000000000000,451500000000000,ok,,,,,
0x90f06b7c25b7641fa99a278718fc51b72928fcab7b1ab1f220935f0bc4d7b2a7,38941626,2026-04-25 10:04:39.000000Z,0x1d93bB05aE8Df5e963b1045A2Fb29909558C1722,0x721D212aff46E0a761E4E1c5311F2455ce1Bb4bA,,IN,7500000000000000,451500000000000,ok,,,,,
0xa68173dd512a949930bc0180ef83d24c40a26a79e9198b8680e9cb21c62be697,38940694,2026-04-25 09:56:45.000000Z,0x1d93bB05aE8Df5e963b1045A2Fb29909558C1722,0x721D212aff46E0a761E4E1c5311F2455ce1Bb4bA,,IN,1000000000000000,451500000000000,ok,,,,,
0x0eaa36dfd1876cab427422880a81a30b1fe8993acd0576a7aba7f6420a021bee,38940692,2026-04-25 09:56:44.000000Z,0x1d93bB05aE8Df5e963b1045A2Fb29909558C1722,0x721D212aff46E0a761E4E1c5311F2455ce1Bb4bA,,IN,12000000000000000,451500000000000,ok,,,,,
